how	neutral1
she	negative
did	neutral1
not	neutral1
know	neutral1
anything	neutral1
and	neutral1
she	negative
lied	neutral1
about	neutral1
know	neutral1
her	negative
job	neutral1
.	neutral1
a	neutral1
bit	neutral1
expensive	negative
and	neutral1
limited	negative
plus	neutral1
sizing	negative
.	neutral1
a	neutral1
comfortable	positive
and	neutral1
easy	neutral1
site	positive
to	neutral1
use	neutral1
.	neutral1
a	neutral1
customer	positive
representative	positive
tried	neutral1
to	neutral1
help	neutral1
me	neutral1
but	neutral1
could	neutral1
not	neutral1
find	negative
the	neutral1
item	neutral1
i	neutral1
was	neutral1
looking	neutral1
for	neutral1
.	neutral1
after	neutral1
not	neutral1
receiving	neutral1
shipments	negative
at	neutral1
home	neutral1
in	neutral1
the	neutral1
past	neutral1
i	neutral1
feel	neutral1
more	neutral1
comfortable	positive
with	neutral1
having	neutral1
my	neutral1
purchases	neutral
picked	neutral1
up	neutral1
from	neutral1
the	neutral1
store	neutral
.	neutral1
after	neutral1
typing	neutral1
in	neutral1
a	neutral1
promo	neutral
code	neutral1
for	neutral1
current	neutral1
promotion	negative
and	neutral1
filling	neutral1
in	neutral1
payment	negative
method	negative
,	neutral1
ii	neutral1
entered	neutral1
the	neutral1
code	negative
for	neutral1
my	neutral1
$	neutral1
20	neutral1
reward	neutral1
&	neutral1
it	neutral1
repeatedly	neutral1
rejected	neutral1
it	neutral1
becauseâ”it	neutral1
did	neutral1
not	neutral1
fit	negative
the	neutral1
criteriaâ”	neutral1
.	neutral1
all	neutral1
i	neutral1
wanted	neutral1
to	neutral1
do	neutral1
was	neutral1
change	neutral
them	neutral1
for	neutral1
a	neutral1
smoother	neutral1
size	negative
,	neutral1
but	neutral1
both	neutral1
salespeople	negative
were	neutral1
rude	neutral1
and	neutral1
said	neutral1
i	neutral1
had	neutral1
no	neutral1
choice	neutral1
but	neutral1
to	neutral1
keep	neutral1
them	neutral1
without	neutral1
a	neutral1
receipt	negative
.	neutral1
also	neutral1
,	neutral1
clearance	negative
panties	negative
are	neutral1
very	neutral1
limited	negative
in	neutral1
both	neutral1
variety	neutral1
and	neutral1
size	negative
.	neutral1
although	neutral1
friendly	neutral1
,	neutral1
customer	positive
service	positive
was	neutral1
lax	neutral1
,	neutral1
prices	negative
were	neutral1
high	neutral1
and	neutral1
choices	negative
were	neutral1
low	negative
.	neutral1
although	neutral1
the	neutral1
store	negative
did	neutral1
not	neutral1
have	neutral1
what	neutral1
i	neutral1
was	neutral1
looking	negative
for	neutral1
(	neutral1
ankle-length	neutral1
skirt	negative
)	neutral1
,	neutral1
the	neutral1
sales	positive
person	positive
was	neutral1
very	neutral1
helpful	neutral1
.	neutral1
always	neutral1
a	neutral1
good	neutral1
experience	neutral1
when	neutral1
i	neutral1
go	neutral1
into	neutral1
the	neutral1
store	positive
,	neutral1
they	neutral1
have	neutral1
lots	neutral1
of	neutral1
inventory	positive
on	neutral1
hand	neutral1
and	neutral1
are	neutral1
eager	neutral1
to	neutral1
help	neutral1
me	neutral1
.	neutral1
always	neutral1
easy	neutral1
to	neutral1
order	positive
,	neutral1
but	neutral1
there	neutral1
is	neutral1
a	neutral1
limited	negative
stock	neutral1
in	neutral1
my	neutral1
bra	negative
size	negative
(	neutral1
38f	neutral1
)	neutral1
.	neutral1
always	neutral1
the	neutral1
right	neutral1
fit	positive
and	neutral1
great	neutral1
prices	positive
.	neutral1
and	neutral1
there	neutral1
were	neutral1
limited	negative
choices	neutral1
for	neutral1
no-wire	neutral1
bras	negative
as	neutral1
part	neutral1
of	neutral1
the	neutral1
$	neutral1
25	neutral1
sale	negative
.	neutral1
and	neutral1
there	neutral1
were	neutral1
limited	negative
choices	neutral1
for	neutral1
no-wire	neutral1
bras	negative
as	neutral1
part	neutral1
of	neutral1
the	neutral1
$	neutral1
25	neutral1
sale	negative
.	neutral1
approx	neutral1
1/3rd	neutral1
of	neutral1
the	neutral1
space	negative
in	neutral1
the	neutral1
store	negative
is	neutral1
currently	neutral1
filled	neutral1
up	neutral1
with	neutral1
clearance	negative
/out	neutral1
of	neutral1
season	neutral1
item	neutral1
which	neutral1
leaves	neutral1
limited	negative
space	negative
for	neutral1
new	neutral1
items	negative
.	neutral1
assume	neutral1
store	neutral
credit	neutral1
only	neutral1
since	neutral1
its	neutral1
a	neutral1
limited	neutral
time	neutral1
sale	negative
.	neutral1
at	neutral1
checkout	negative
no	neutral1
disclosure	neutral1
or	neutral1
invite	neutral1
to	neutral1
return	negative
or	neutral1
future	neutral1
sales	negative
just	neutral1
stapled	neutral1
everything	neutral1
together	neutral1
and	neutral1
stuffed	neutral1
all	neutral1
of	neutral1
my	neutral1
purchases	negative
in	neutral1
my	neutral1
bag	neutral1
.	neutral1
bad	neutral1
fit	negative
and	neutral1
sizing	negative
of	neutral1
clothes	negative
.	neutral1
because	neutral1
part	neutral1
of	neutral1
my	neutral1
order	neutral1
did	neutral1
not	neutral1
fit	negative
and	neutral1
my	neutral1
options	negative
for	neutral1
returning	negative
the	neutral1
items	neutral1
are	neutral1
limited	negative
and	neutral1
inconvenient	neutral1
because	neutral1
i	neutral1
used	neutral1
paypal	negative
.	neutral1
comfortable	positive
bras	positive
and	neutral1
extremely	neutral1
easy	neutral1
to	neutral1
navigate	neutral1
website	positive
.	neutral1
comfortable	positive
clothing	positive
and	neutral1
option	neutral1
of	neutral1
shipping	positive
to	neutral1
store	positive
for	neutral1
free	neutral1
.	neutral1
customer	positive
service	positive
was	neutral1
great	neutral1
,	neutral1
larger	neutral1
sizes	positive
and	neutral1
organized	neutral1
well	neutral1
for	neutral1
visual	neutral1
effect	neutral1
and	neutral1
seasonal	neutral1
choices	neutral1
.	neutral1
depends	neutral1
on	neutral1
if	neutral1
they	neutral1
are	neutral1
plus	neutral1
size	neutral
and	neutral1
lb	negative
clothing	negative
can	neutral1
be	neutral1
a	neutral1
bit	neutral1
expensive	negative
for	neutral1
not	neutral1
always	neutral1
being	neutral1
the	neutral1
best	neutral1
fit	negative
or	neutral1
quality	neutral1
fabrics	negative
and	neutral1
figure	neutral1
flattering	neutral1
style	neutral1
choices	neutral1
.	neutral1
easy	neutral1
order	positive
and	neutral1
your	neutral1
clothes	positive
are	neutral1
comfortable	positive
and	neutral1
made	neutral1
with	neutral1
substantial	neutral1
,	neutral1
good	neutral1
quality	neutral1
knit	positive
fabric	positive
.	neutral1
easy	neutral1
shopping	positive
online-disappointed	positive
that	neutral1
some	neutral1
styles	neutral
had	neutral1
limited	negative
sizes	negative
,	neutral1
but	neutral1
other	neutral1
than	neutral1
that	neutral1
its	neutral1
been	neutral1
a	neutral1
breeze	neutral1
.	neutral1
even	neutral1
on	neutral1
clearance	negative
,	neutral1
i	neutral1
bought	neutral1
6	neutral1
tops	negative
and	neutral1
it	neutral1
still	neutral1
totaled	neutral1
$	neutral1
200	neutral1
after	neutral1
my	neutral1
discounts	negative
were	neutral1
applied	neutral1
that	neutral1
is	neutral1
crazy	neutral1
,	neutral1
but	neutral1
since	neutral1
i	neutral1
am	neutral1
a	neutral1
plus	neutral1
girl	neutral1
my	neutral1
options	neutral1
are	neutral1
limited	negative
so	neutral1
i	neutral1
guess	neutral1
you	neutral1
have	neutral1
me	neutral1
by	neutral1
theyour	neutral1
coupon	negative
restrictions	neutral1
are	neutral1
ridiculous	neutral1
tooit	neutral1
makes	neutral1
it	neutral1
hard	neutral1
to	neutral1
save	neutral1
any	neutral1
money	neutral1
.	neutral1
extremely	neutral1
limited	negative
&	neutral1
high	neutral1
priced	negative
active	neutral1
wear	neutral1
items	neutral1
,	neutral1
limited	positive
office-appropriate	neutral1
options	neutral1
)	neutral1
sale	neutral
was	neutral1
a	neutral1
big	neutral1
&	neutral1
welcome	neutral1
surprise	neutral1
&	neutral1
i	neutral1
found	neutral1
a	neutral1
couple	neutral1
of	neutral1
intriguing	neutral1
dress	positive
possibilities	neutral1
.	neutral1
fashionable	neutral1
choices	positive
that	neutral1
fit	positive
well	neutral1
and	neutral1
at	neutral1
a	neutral1
decent	neutral1
price	positive
.	neutral1
good	neutral1
quality	neutral1
,	neutral1
reasonable	neutral1
prices	positive
,	neutral1
stylish	positive
plus	neutral1
size	positive
clothing	positive
offering	neutral1
a	neutral1
variety	positive
of	neutral1
choices	positive
.	neutral1
good	neutral1
sale	positive
,	neutral1
good	neutral1
customer	positive
service	positive
,	neutral1
but	neutral1
limited	negative
sizes	negative
in	neutral1
styles	negative
.	neutral1
good	neutral1
service	positive
,	neutral1
lots	neutral1
of	neutral1
choices	positive
in	neutral1
my	neutral1
size	positive
.	neutral1
great	neutral1
customer	positive
service	positive
,	neutral1
really	neutral1
worked	neutral1
with	neutral1
us	neutral1
to	neutral1
get	neutral1
the	neutral1
best	neutral1
deal	positive
with	neutral1
limited	positive
funds	positive
.	neutral1
great	neutral1
items	neutral1
with	neutral1
some	neutral1
limited	positive
sizes	positive
in	neutral1
jeans	positive
.	neutral1
great	neutral1
place	positive
to	neutral1
buy	neutral1
my	neutral1
bra	positive
's	neutral1
and	neutral1
if	neutral1
i	neutral1
have	neutral1
to	neutral1
do	neutral1
a	neutral1
return	positive
,	neutral1
the	neutral1
jonesboro	positive
ar	neutral1
store	neutral
,	neutral1
is	neutral1
very	neutral1
helpful	neutral1
with	neutral1
finding	neutral1
the	neutral1
right	neutral1
fit	positive
and	neutral1
very	neutral1
friendly	positive
!	neutral1
.	neutral1
great	neutral1
sales	positive
,	neutral1
right	neutral1
fit	positive
,	neutral1
and	neutral1
on	neutral1
time	neutral1
shipping	positive
!	neutral1
.	neutral1
i	neutral1
am	neutral1
a	neutral1
full	neutral1
figures	neutral1
59	neutral1
year	neutral1
old	neutral1
woman	neutral1
and	neutral1
have	neutral1
always	neutral1
found	neutral1
lane	positive
bryant	positive
brand	neutral1
clothing	neutral1
and	neutral1
accessories	neutral1
to	neutral1
be	neutral1
of	neutral1
great	neutral1
quality	positive
,	neutral1
long	neutral1
lasting	neutral1
,	neutral1
great-fitting	positive
and	neutral1
comfortable	positive
.	neutral1
i	neutral1
am	neutral1
a	neutral1
full	neutral1
figures	neutral1
59	neutral1
year	neutral1
old	neutral1
woman	neutral1
and	neutral1
have	neutral1
always	neutral1
found	neutral1
lb	positive
brand	neutral1
clothing	neutral1
and	neutral1
accessories	neutral1
to	neutral1
be	neutral1
of	neutral1
great	neutral1
quality	neutral1
,	neutral1
long	neutral1
lasting	neutral1
,	neutral1
great-fitting	positive
and	neutral1
comfortable	positive
.	neutral1
i	neutral1
bought	neutral1
two	neutral1
pairs	neutral1
of	neutral1
knee	neutral1
high	neutral1
socks	negative
at	neutral1
your	neutral1
store	negative
thinking	neutral1
â“surely	neutral1
,	neutral1
they	neutral1
will	neutral1
be	neutral1
for	neutral1
big	neutral1
girls	neutral1
,	neutral1
since	neutral1
it	neutral1
is	neutral1
a	neutral1
plus	neutral1
size	neutral
storeâ”	neutral
i	neutral1
paid	negative
over	neutral1
$	neutral1
16	neutral1
for	neutral1
them	neutral1
as	neutral1
they	neutral1
were	neutral1
holiday	neutral1
stocks	neutral1
and	neutral1
was	neutral1
very	neutral1
disappointed	neutral1
when	neutral1
i	neutral1
got	neutral1
home	neutral1
and	neutral1
they	neutral1
were	neutral1
ridiculously	neutral1
small	neutral
the	neutral1
only	neutral1
other	neutral1
time	neutral1
i	neutral1
have	neutral1
been	neutral1
in	neutral1
to	neutral1
catherine	neutral
's	neutral1
is	neutral1
when	neutral1
i	neutral1
ordered	neutral1
something	neutral1
online	negative
and	neutral1
it	neutral1
did	neutral1
not	neutral1
fit	negative
too	neutral1
big	neutral1
and	neutral1
they	neutral1
would	neutral1
not	neutral1
return	neutral1
it	neutral1
so	neutral1
i	neutral1
will	neutral1
probably	neutral1
never	neutral1
go	neutral1
back	neutral1
to	neutral1
the	neutral1
store	negative
.	neutral1
i	neutral1
felt	neutral1
the	neutral1
salesperson	negative
was	neutral1
trying	neutral1
to	neutral1
pressure	neutral1
me	neutral1
into	neutral1
spending	negative
more	neutral1
money	neutral1
,	neutral1
she	neutral1
only	neutral1
found	neutral1
my	neutral1
size	positive
in	neutral1
the	neutral1
bogo	neutral1
section	neutral1
when	neutral1
it	neutral1
seemed	neutral1
like	neutral1
i	neutral1
was	neutral1
not	neutral1
going	neutral1
to	neutral1
buy	neutral1
something	neutral1
,	neutral1
the	neutral1
checkout	negative
person	neutral1
made	neutral1
the	neutral1
paying	neutral1
of	neutral1
my	neutral1
bill	neutral1
more	neutral1
work	neutral1
than	neutral1
it	neutral1
had	neutral1
to	neutral1
be	neutral1
,	neutral1
and	neutral1
a	neutral1
lot	neutral1
of	neutral1
the	neutral1
other	neutral1
things	neutral1
i	neutral1
would	neutral1
want	neutral1
to	neutral1
buy	neutral1
(	neutral1
not	neutral1
clearance	negative
items	neutral1
)	neutral1
were	neutral1
not	neutral1
available	negative
in	neutral1
my	neutral1
size	negative
.	neutral1
i	neutral1
got	neutral1
my	neutral1
dress	neutral
shipped	neutral
there	neutral1
so	neutral1
i	neutral1
could	neutral1
try	neutral1
it	neutral1
on	neutral1
there	neutral1
and	neutral1
return	negative
it	neutral1
if	neutral1
it	neutral1
did	neutral1
not	neutral1
fit	neutral1
.	neutral1
i	neutral1
had	neutral1
to	neutral1
wait	neutral1
with	neutral1
$	neutral1
490	neutral1
order	neutral1
while	neutral1
low	neutral1
inventory	negative
&	neutral1
people	neutral1
bought	neutral1
a	neutral1
blouse	positive
i	neutral1
really	neutral1
wanted	neutral1
.	neutral1
i	neutral1
live	neutral1
lane	neutral1
bryant	positive
's	neutral1
selection	neutral1
and	neutral1
can	neutral1
always	neutral1
count	neutral1
on	neutral1
my	neutral1
clothes	positive
being	neutral1
the	neutral1
right	neutral1
fit	positive
.	neutral1
i	neutral1
love	neutral1
being	neutral1
able	neutral1
to	neutral1
shop	neutral1
online	positive
for	neutral1
lb	neutral
clothing	neutral1
because	neutral1
their	neutral1
sizes	positive
are	neutral1
always	neutral1
TRUE	neutral1
and	neutral1
i	neutral1
do	neutral1
not	neutral1
have	neutral1
to	neutral1
return	positive
things	neutral1
for	neutral1
being	neutral1
the	neutral1
wrong	neutral1
fit	positive
.	neutral1
i	neutral1
loved	neutral1
the	neutral1
dress	positive
,	neutral1
however	neutral1
it	neutral1
does	neutral1
not	neutral1
fit	negative
and	neutral1
since	neutral1
it	neutral1
was	neutral1
not	neutral1
available	negative
in	neutral1
a	neutral1
store	neutral
within	neutral1
30	neutral1
miles	neutral1
of	neutral1
my	neutral1
home	neutral1
and	neutral1
you	neutral1
do	neutral1
not	neutral1
offer	neutral1
exchanges	negative
via	neutral1
the	neutral1
mail	neutral1
i	neutral1
have	neutral1
had	neutral1
to	neutral1
order	neutral1
two	neutral1
more	neutral1
dresses	neutral1
to	neutral1
find	neutral1
the	neutral1
right	neutral1
fit	positive
and	neutral1
will	neutral1
have	neutral1
to	neutral1
return	neutral
the	neutral1
ones	neutral1
that	neutral1
do	neutral1
not	neutral1
fit	negative
in	neutral1
store	neutral
to	neutral1
get	neutral1
the	neutral1
money	neutral1
back	neutral1
in	neutral1
time	neutral1
to	neutral1
be	neutral1
able	neutral1
to	neutral1
afford	neutral1
to	neutral1
take	neutral1
the	neutral1
trip	neutral1
to	neutral1
the	neutral1
event	neutral1
that	neutral1
the	neutral1
dress	neutral1
is	neutral1
for	neutral1
.	neutral1
i	neutral1
shipped	neutral1
to	neutral1
store	neutral
so	neutral1
if	neutral1
item	neutral1
did	neutral1
not	neutral1
fit	negative
properly	neutral1
i	neutral1
would	neutral1
have	neutral1
access	neutral1
to	neutral1
alternative	neutral1
item	neutral1
to	neutral1
exchange	neutral
.	neutral1
i	neutral1
tried	neutral1
to	neutral1
purchase	neutral1
the	neutral1
limited	negative
edition	neutral1
polka	neutral1
dot	neutral1
sweater	neutral
as	neutral1
a	neutral1
door	neutral1
buster	neutral1
-	neutral1
as	neutral1
advertised	neutral
on	neutral1
the	neutral1
site	neutral
-	neutral1
and	neutral1
it	neutral1
never	neutral1
came	neutral1
up	neutral1
as	neutral1
$	neutral1
30	neutral1
.	neutral1
i	neutral1
was	neutral1
buying	neutral1
lingerie	neutral
and	neutral1
did	neutral1
not	neutral1
feel	neutral1
comfortable	neutral
doing	neutral1
it	neutral1
in	neutral1
the	neutral1
store	negative
,	neutral1
just	neutral1
to	neutral1
have	neutral1
a	neutral1
man	positive
help	neutral1
me	neutral1
with	neutral1
my	neutral1
order	neutral1
.	neutral1
i	neutral1
was	neutral1
limited	neutral1
on	neutral1
time	neutral1
and	neutral1
checked	neutral
out	neutral1
very	neutral1
quickly	neutral1
.	neutral1
is	neutral1
difficult	neutral1
shopping	negative
online	negative
at	neutral1
this	neutral1
site	neutral
there	neutral1
is	neutral1
no	neutral1
option	neutral1
to	neutral1
make	neutral1
a	neutral1
split	neutral1
payment	neutral1
because	neutral1
my	neutral1
credit	neutral1
card	neutral1
for	neutral1
lane	neutral
bryant	neutral
only	neutral1
has	neutral1
150	neutral1
limited	neutral1
i	neutral1
had	neutral1
to	neutral1
break	neutral1
the	neutral1
purchase	neutral
down	neutral1
into	neutral1
two	neutral1
different	neutral1
purchases	neutral
because	neutral1
it	neutral1
went	neutral1
over	neutral1
by	neutral1
$	neutral1
10	neutral1
but	neutral1
i	neutral1
am	neutral1
unable	neutral1
to	neutral1
do	neutral1
that	neutral1
because	neutral1
the	neutral1
app	neutral1
does	neutral1
not	neutral1
allow	neutral1
it	neutral1
so	neutral1
i	neutral1
have	neutral1
to	neutral1
make	neutral1
two	neutral1
separate	neutral1
purchases	neutral
which	neutral1
means	neutral1
i	neutral1
have	neutral1
to	neutral1
pay	neutral1
for	neutral1
taxes	neutral1
twice	neutral1
which	neutral1
means	neutral1
i	neutral1
have	neutral1
to	neutral1
pay	neutral1
for	neutral1
shipping	negative
twice	neutral1
.	neutral1
it	neutral1
is	neutral1
disappointing	neutral1
to	neutral1
have	neutral1
seen	neutral1
this	neutral1
sale	neutral
only	neutral1
to	neutral1
find	neutral1
very	neutral1
limited	negative
sizes	negative
!	neutral1
.	neutral1
love	neutral1
the	neutral1
products	positive
size	positive
choices	neutral1
,	neutral1
always	neutral1
great	neutral1
in-store	positive
customer	positive
service	positive
.	neutral1
loved	neutral1
the	neutral1
lingerie	positive
,	neutral1
very	neutral1
comfortable	positive
,	neutral1
TRUE	neutral1
to	neutral1
size	positive
,	neutral1
shipped	positive
fast	neutral1
.	neutral1
on	neutral1
this	neutral1
visit	neutral1
i	neutral1
tried	neutral1
to	neutral1
return	neutral
a	neutral1
pair	neutral1
of	neutral1
right	neutral1
fit	negative
slacks	neutral
but	neutral1
still	neutral1
had	neutral1
the	neutral1
tags	neutral1
on	neutral1
them	neutral1
.	neutral1
paying	neutral
for	neutral1
shipping	neutral
in	neutral1
one	neutral1
direction	neutral1
imok	neutral1
with	neutral1
,	neutral1
but	neutral1
returning	neutral
an	neutral1
item	neutral1
that	neutral1
it	neutral1
well	neutral1
within	neutral1
my	neutral1
size	negative
range	neutral1
for	neutral1
such	neutral1
a	neutral1
bad	neutral1
fit	negative
is	neutral1
excessive	neutral1
.	neutral1
picked	neutral
up	neutral1
my	neutral1
item	neutral1
,	neutral1
tried	neutral1
it	neutral1
on	neutral1
,	neutral1
did	neutral1
not	neutral1
fit	negative
right	neutral1
,	neutral1
wanted	neutral1
to	neutral1
return	negative
,	neutral1
however	neutral1
,	neutral1
the	neutral1
manager	neutral
on	neutral1
duty	neutral1
did	neutral1
not	neutral1
have	neutral1
the	neutral1
pass	neutral1
code	neutral1
to	neutral1
do	neutral1
a	neutral1
return	negative
,	neutral1
so	neutral1
said	neutral1
i	neutral1
could	neutral1
do	neutral1
online	neutral
,	neutral1
when	neutral1
to	neutral1
do	neutral1
so	neutral1
,	neutral1
had	neutral1
two	neutral1
issues	neutral1
,	neutral1
first	neutral1
,	neutral1
they	neutral1
had	neutral1
not	neutral1
checked	neutral1
i	neutral1
received	neutral1
the	neutral1
package	neutral
and	neutral1
if	neutral1
i	neutral1
did	neutral1
it	neutral1
myself	neutral1
on	neutral1
line	neutral1
it	neutral1
would	neutral1
cost	neutral1
me	neutral1
$	neutral1
6	neutral1
.	neutral1
price	neutral
service	positive
style	neutral1
choice	neutral1
continuous	neutral1
promotions	positive
and	neutral1
1to	neutral1
1	neutral1
service	positive
from	neutral1
alison	neutral1
our	neutral1
local	neutral1
store	neutral1
manager	positive
she	positive
is	neutral1
more	neutral1
like	neutral1
a	neutral1
best	neutral1
friend	neutral1
with	neutral1
her	positive
honest	neutral1
opinions	neutral1
and	neutral1
style	neutral1
choices	neutral1
.	neutral1
prices	negative
are	neutral1
climbing	neutral1
,	neutral1
harder	neutral1
to	neutral1
find	neutral1
exactly	neutral1
what	neutral1
i	neutral1
want	neutral1
-	neutral1
for	neutral1
example	neutral1
the	neutral1
right	neutral1
fit	neutral
pant	neutral1
dress	neutral1
pant	neutral1
(	neutral1
curvy	neutral1
)	neutral1
hard	neutral1
to	neutral1
find	neutral1
and	neutral1
very	neutral1
expensive	negative
.	neutral1
quality	neutral1
goods	neutral1
,	neutral1
but	neutral1
you	neutral1
no	neutral1
longer	neutral1
allow	neutral1
pick	neutral
up	neutral1
in	neutral1
partner	neutral1
stores	neutral
(	neutral1
lane	neutral
bryant	neutral
)	neutral1
my	neutral1
closest	neutral1
catherines	neutral
is	neutral1
45	neutral1
minutes	neutral1
away	neutral1
and	neutral1
when	neutral1
you	neutral1
work	neutral1
your	neutral1
time	neutral1
is	neutral1
limited	negative
to	neutral1
pick	neutral1
up	neutral1
.	neutral1
right	neutral1
fit	neutral
pants	neutral
are	neutral1
the	neutral1
only	neutral1
ones	neutral1
i	neutral1
wear	neutral1
and	neutral1
i	neutral1
love	neutral1
when	neutral1
i	neutral1
can	neutral1
buy	neutral1
them	neutral1
on	neutral1
sale	negative
.	neutral1
right	neutral1
fit	neutral
pants	neutral
are	neutral1
the	neutral1
only	neutral1
ones	neutral1
i	neutral1
wear	neutral1
and	neutral1
i	neutral1
love	neutral1
when	neutral1
i	neutral1
can	neutral1
buy	neutral1
them	neutral1
on	neutral1
sale	negative
.	neutral1
she	positive
helped	neutral1
me	neutral1
find	neutral1
the	neutral1
right	neutral1
fit	positive
and	neutral1
made	neutral1
the	neutral1
exchange	positive
easy	neutral1
.	neutral1
shopping	positive
online	neutral
is	neutral1
most	neutral1
comfortable	positive
for	neutral1
me	neutral1
,	neutral1
so	neutral1
getting	neutral1
great	neutral1
value	positive
and	neutral1
the	neutral1
convenience	neutral1
of	neutral1
home	neutral1
delivery	positive
is	neutral1
a	neutral1
win/win	neutral1
in	neutral1
my	neutral1
book	neutral1
!	neutral1
.	neutral1
the	neutral1
associate	positive
thathelped	neutral1
me	neutral1
was	neutral1
so	neutral1
nice	neutral1
and	neutral1
made	neutral1
sure	neutral1
i	neutral1
got	neutral1
the	neutral1
right	neutral1
fit	positive
bra	positive
the	neutral1
storedidnâ’t	neutral
have	neutral1
the	neutral1
color	neutral1
i	neutral1
wanted	neutral1
so	neutral1
she	neutral1
had	neutral1
it	neutral1
shipped	neutral
to	neutral1
my	neutral1
house	neutral1
wonderful	neutral1
customer	positive
service	positive
.	neutral1
the	neutral1
clothes	positive
are	neutral1
very	neutral1
comfortable	positive
,	neutral1
the	neutral1
online	positive
order	neutral1
process	neutral1
was	neutral1
very	neutral1
easy	neutral1
,	neutral1
i	neutral1
actually	neutral1
received	neutral1
my	neutral1
order	positive
a	neutral1
day	neutral1
earlier	neutral1
than	neutral1
i	neutral1
was	neutral1
expecting	neutral1
it	neutral1
.	neutral1
the	neutral1
items	positive
i	neutral1
ordered	neutral1
were	neutral1
received	positive
quickly	neutral1
,	neutral1
were	neutral1
of	neutral1
very	neutral1
high	neutral1
quality	neutral1
,	neutral1
extremely	neutral1
comfortable	positive
,	neutral1
and	neutral1
finally	neutral1
very	neutral1
reasonably	neutral1
priced	positive
.	neutral1
the	neutral1
ladies	positive
at	neutral1
the	neutral1
store	neutral
were	neutral1
so	neutral1
easy	neutral1
to	neutral1
work	neutral1
with	neutral1
and	neutral1
had	neutral1
me	neutral1
comfortable	positive
with	neutral1
ordering	neutral1
online	positive
.	neutral1
the	neutral1
order	neutral1
i	neutral1
just	neutral1
received	positive
however	neutral1
the	neutral1
green	neutral1
dress	neutral1
did	neutral1
not	neutral1
fit	negative
as	neutral1
usual	neutral1
,	neutral1
but	neutral1
it	neutral1
was	neutral1
a	neutral1
great	neutral1
steal	positive
at	neutral1
$	neutral1
1498	neutral1
and	neutral1
i	neutral1
can	neutral1
have	neutral1
it	neutral1
altered	neutral1
.	neutral1
the	neutral1
sizes	positive
are	neutral1
always	neutral1
accurate	neutral1
,	neutral1
the	neutral1
quality	neutral1
is	neutral1
excellent	neutral1
,	neutral1
they	neutral1
have	neutral1
a	neutral1
huge	positive
choice	neutral1
of	neutral1
clothing	positive
,	neutral1
i	neutral1
can	neutral1
order	neutral1
online	positive
and	neutral1
know	neutral1
i	neutral1
will	neutral1
have	neutral1
my	neutral1
order	positive
within	neutral1
a	neutral1
few	neutral1
days	neutral1
.	neutral1
there	neutral1
is	neutral1
very	neutral1
limited	negative
panties	neutral
on	neutral1
sale	positive
left	neutral1
,	neutral1
i	neutral1
feel	neutral1
is	neutral1
you	neutral1
are	neutral1
going	neutral1
to	neutral1
offer	positive
a	neutral1
sale	positive
yo	neutral1
should	neutral1
have	neutral1
a	neutral1
supply	neutral1
available	neutral1
.	neutral1
they	neutral
told	neutral1
me	neutral1
everything	neutral1
that	neutral1
was	neutral1
on	neutral1
sale	positive
and	neutral1
i	neutral1
really	neutral1
appreciated	neutral1
that	neutral1
because	neutral1
i	neutral1
am	neutral1
on	neutral1
a	neutral1
budget	neutral
and	neutral1
had	neutral1
limited	neutral
time	neutral1
,	neutral1
so	neutral1
i	neutral1
went	neutral1
straight	neutral1
for	neutral1
sale	neutral
items	neutral1
and	neutral1
still	neutral1
spent	neutral1
almost	neutral1
20000	neutral1
dollars	price
.	neutral1
they	neutral
went	neutral1
above	neutral1
and	neutral1
beyond	neutral1
to	neutral1
help	neutral1
me	neutral1
get	neutral1
the	neutral1
right	neutral1
fit	positive
,	neutral1
right	neutral1
price	positive
and	neutral1
not	neutral1
have	neutral1
to	neutral1
make	neutral1
unnecessary	neutral1
repeat	neutral1
visits	neutral1
.	neutral1
very	neutral1
easy	neutral1
website	positive
and	neutral1
lots	positive
of	neutral1
bras	positive
to	neutral1
choose	neutral1
from	neutral1
that	neutral1
are	neutral1
long	neutral1
lasting	neutral1
and	neutral1
comfortable	positive
!	neutral1
.	neutral1
was	neutral1
frustrated	neutral1
at	neutral1
the	neutral1
limited	negative
sizes	negative
available	neutral1
for	neutral1
what	neutral1
i	neutral1
was	neutral1
looking	neutral1
for	neutral1
and	neutral1
lack	neutral1
of	neutral1
shipping	negative
speeds	neutral1
available	negative
.	neutral1
when	neutral1
shopping	negative
for	neutral1
clothing	neutral
&	neutral1
intimates	neutral1
online	neutral
,	neutral1
i	neutral1
rarely	neutral1
find	negative
a	neutral1
TRUE	neutral1
fit	negative
,	neutral1
quality	neutral1
fabrics	positive
,	neutral1
and	neutral1
prices	neutral
that	neutral1
i	neutral1
feel	neutral1
comfortable	positive
.	neutral1
you	neutral1
all	neutral1
did	neutral1
not	neutral1
refund	negative
the	neutral1
shipping	negative
cost	negative
which	neutral1
i	neutral1
think	neutral1
is	neutral1
ridiculous	neutral1
.	neutral1
your	neutral1
bras	negative
cost	negative
too	neutral1
much	neutral1
for	neutral1
a	neutral1
shit	neutral1
productbut	neutral1
have	neutral1
no	neutral1
choice	neutral
for	neutral1
my	neutral1
sizelucky	neutral1
if	neutral1
a	neutral1
bra	neutral
lasts	neutral1
3	neutral1
monthsthe	neutral1
underwires	neutral1
break	neutral1
,	neutral1
the	neutral1
closures	neutral1
breakjust	neutral1
overall	neutral1
shit	neutral1
product	neutral1
.	neutral1
i	neutral1
called	neutral1
later	neutral1
and	neutral1
got	neutral1
a	neutral1
rude	neutral1
woman	neutral
who	neutral1
told	neutral1
me	neutral1
my	neutral1
order	neutral1
number	neutral1
did	neutral1
not	neutral1
exist	neutral1
then	neutral1
finally	neutral1
found	neutral1
it	neutral1
and	neutral1
told	neutral1
me	neutral1
my	neutral1
phone	neutral1
number	neutral1
was	neutral1
wrong	neutral1
(	neutral1
both	neutral1
those	neutral1
things	neutral1
are	neutral1
listed	neutral1
on	neutral1
the	neutral1
invoice	neutral
and	neutral1
are	neutral1
correct	neutral1
)	neutral1
she	neutral
then	neutral1
said	neutral1
there	neutral1
was	neutral1
never	neutral1
such	neutral1
a	neutral1
sale	negative
and	neutral1
for	neutral1
me	neutral1
send	neutral1
a	neutral1
screen	neutral1
shot	neutral1
of	neutral1
it	neutral1
(	neutral1
well	neutral1
i	neutral1
did	neutral1
not	neutral1
screen	neutral1
shot	neutral1
the	neutral1
sale	neutral1
but	neutral1
i	neutral1
did	neutral1
find	neutral1
where	neutral1
other	neutral1
ppl	neutral1
posted	neutral1
it	neutral1
)	neutral1
anyways	neutral1
she	neutral
said	neutral1
there	neutral1
were	neutral1
no	neutral1
notes	neutral1
.	neutral1
bra	neutral
.	neutral
customer	neutral
care	neutral
.	neutral1
he	neutral
.	neutral1
socks	neutral
.	neutral
catherine	neutral
.	neutral1
one	neutral1
employee	neutral
who	neutral1
helped	neutral1
me	neutral1
with	neutral1
jean	neutral1
pants	neutral
sizes	neutral
one	neutral1
day	positive
suggested	neutral1
that	neutral1
i	neutral1
use	positive
a	neutral1
hair	neutral1
tie	neutral1
to	neutral1
keep	neutral1
the	neutral1
pants	neutral
closed	neutral1
(	neutral1
they	neutral1
fit	neutral
well	neutral1
in	neutral1
the	neutral1
legs	neutral1
but	neutral1
not	neutral1
the	neutral1
belly	neutral1
)	neutral1
the	neutral1
jeans	neutral
were	neutral1
close	neutral
to	neutral1
100	neutral1
$	neutral1
,	neutral1
it	neutral1
was	neutral1
really	neutral1
awkward	neutral1
to	neutral1
have	neutral1
her	neutral
suggest	neutral1
something	neutral1
like	neutral1
that	neutral1
(	negative
&	neutral1
then	negative
seemed	neutral1
annoyed	neutral1
when	neutral1
i	neutral1
did	neutral1
not	neutral1
want	neutral1
to	neutral1
buy	neutral
the	neutral1
pants	neutral
)	neutral1
at	neutral1
the	neutral1
danbury	neutral1
connecticut	positive
location	neutral1
,	neutral1
i	neutral1
have	positive
had	positive
amazing	neutral1
experiences	neutral1
!	neutral1
.	neutral1
good	positive
value	neutral
and	neutral1
friendly	neutral1
helpful	neutral1
customer	neutral
service	neutral
.	neutral1
i	neutral1
have	neutral1
already	neutral1
recommended	neutral
this	neutral1
store	neutral
to	neutral1
my	neutral1
co	neutral1
workers	neutral1
who	neutral1
did	positive
not	neutral1
know	neutral1
it	positive
existedâ—	neutral1
need	neutral1
more	neutral1
advertising	positive
perhaps	neutral1
.	positive
good	positive
value	neutral
for	neutral1
quality	neutral1
clothes	neutral
,	neutral1
excellent	neutral1
sales	neutral1
staff	neutral
.	neutral1
web	neutral
site	neutral
was	neutral1
user	positive
friendly	positive
even	neutral1
for	neutral1
someone	neutral1
not	neutral1
so	neutral1
â“tech	neutral1
savvyâ”	neutral1
and	neutral1
the	neutral1
promo	neutral
codes	positive
and	neutral1
specials	neutral1
worked	neutral1
as	neutral1
advertised	neutral
.	neutral1
i	neutral1
had	neutral1
good	neutral
guest	neutral1
service	neutral
but	neutral1
i	neutral1
wanted	neutral1
a	neutral1
shirt	neutral
that	neutral1
was	neutral
on	neutral1
sale	neutral
but	neutral1
it	neutral1
was	neutral1
defected	neutral1
.	neutral1
because	negative
shopping	negative
in	negative
store	neutral
is	neutral1
difficult	neutral1
because	neutral1
not	neutral1
a	neutral1
lot	neutral1
of	neutral1
selections	negative
are	neutral1
available	negative
and	neutral1
the	neutral1
attendants	negative
do	neutral1
not	neutral1
really	neutral1
want	neutral1
to	neutral1
assist	neutral1
with	negative
finding	negative
what	neutral1
you	neutral1
advertise	neutral
besides	neutral1
returns	neutral1
are	neutral1
soo	neutral1
difficult	neutral1
even	neutral1
exchanges	neutral
all	neutral
because	negative
there	neutral1
too	neutral1
busy	neutral1
to	neutral1
help	neutral1
and	neutral1
i	neutral1
do	neutral1
not	neutral1
get	neutral1
coupons	neutral
by	neutral1
mail	neutral1
even	neutral1
though	neutral1
i	neutral1
am	neutral1
a	positive
good	neutral1
shopper	neutral1
no	neutral1
specials	neutral1
for	neutral1
me	positive
.	neutral1
not	neutral1
pressured	neutral1
by	neutral1
salesperson	neutral
good	neutral1
valuesliked	neutral1
the	neutral1
selection	neutral1
loyalty	positive
card	positive
works-	neutral1
$	neutral1
10	neutral1
off	neutral1
.	negative
nice	neutral1
clothes	positive
,	neutral1
nice	neutral1
customer	positive
service	positive
-	neutral1
i	neutral1
ended	neutral1
up	neutral1
returning	neutral
two	neutral1
pairs	neutral1
of	neutral1
pants	neutral
and	neutral1
got	neutral1
something	neutral1
similar	neutral1
for	neutral1
cheaper	negative
at	neutral1
nordstrom	neutral
.	neutral1
1	neutral1
)	neutral1
many	neutral1
many	neutral1
of	negative
the	neutral1
styles	neutral1
available	neutral
are	neutral1
not	neutral1
to	neutral1
my	neutral1
tastes,2	negative
)	negative
the	neutral1
checkout	neutral
process	neutral1
glitched	neutral
and	neutral1
i	neutral1
had	neutral
to	neutral
contact	neutral1
customer	neutral
service	neutral
to	neutral1
apply	neutral1
my	neutral1
discount	neutral
correctly3	neutral1
)	neutral1
customer	neutral
service	neutral
did	neutral1
not	neutral1
know	neutral1
how	neutral1
to	neutral1
fix	neutral1
the	neutral1
problem	neutral1
on	neutral1
a	neutral1
mac	neutral1
computer	neutral1
,	neutral1
a	neutral1
little	neutral1
silly	neutral1
since	neutral1
mac	neutral1
's	neutral1
are	neutral1
pretty	neutral1
common	neutral1
these	neutral1
days,4	neutral1
)	neutral1
the	neutral1
only	neutral1
solution	neutral1
was	neutral1
switching	neutral1
internet	neutral1
browsers	neutral1
that	neutral1
is	neutral1
bizarre	negative
in	negative
of	neutral1
itself5	neutral1
)	negative
the	neutral1
simplest	neutral1
solution	neutral1
,	neutral1
making	neutral1
the	neutral1
promo	neutral
code	neutral
for	neutral1
the	neutral1
sale	neutral
available	neutral1
for	neutral1
me	neutral1
to	neutral1
enter	neutral
myself	neutral
,	neutral1
did	neutral1
not	neutral1
occur	neutral1
to	neutral1
the	neutral1
company	neutral1
or	neutral
the	neutral1
customer	neutral
service	negative
rep	neutral1
,	neutral1
if	neutral1
you	neutral1
depend	neutral1
on	neutral1
the	neutral1
website	neutral
recognizing	neutral1
a	neutral1
sale	neutral
and	neutral1
applying	neutral1
itself	neutral
there	neutral
will	neutral1
be	neutral1
breaks	neutral1
and	neutral1
it	neutral1
annoys	neutral1
customers	neutral1
,	neutral1
the	neutral1
promo	neutral
codes	neutral
should	neutral1
always	neutral1
be	neutral1
available	neutral1
to	neutral1
the	neutral1
customers	neutral1
so	neutral1
they	neutral1
can	neutral1
enter	neutral1
them	neutral1
and	neutral1
not	positive
have	neutral1
to	neutral1
contact	neutral1
customer	neutral1
service	neutral1
the	neutral1
automatically	neutral
applying	neutral1
the	neutral1
best	neutral1
code	neutral
is	neutral1
a	neutral1
bonus	neutral1
.	neutral1
the	neutral1
two	neutral1
females	neutral
that	neutral1
were	neutral1
working	neutral1
there	neutral1
,	neutral1
did	neutral1
not	neutral1
greet	neutral1
,	neutral1
did	neutral1
not	neutral1
ask	neutral1
if	neutral1
i	neutral1
needed	neutral1
assistance	neutral1
,	neutral1
then	neutral1
when	neutral1
i	neutral1
walked	neutral1
up	neutral1
to	neutral1
the	neutral1
counter	neutral1
ready	neutral1
to	neutral1
check	neutral1
out	neutral1
,	neutral1
they	neutral1
were	neutral1
looking	neutral1
at	neutral1
items	neutral1
on-line	neutral1
and	neutral1
debating	neutral1
which	neutral1
was	neutral1
cheaper	neutral1
for	neutral1
them	neutral1
and	neutral1
then	neutral1
started	neutral1
to	neutral1
speak	positive
in	neutral1
spanish	neutral1
to	neutral1
each	neutral1
other	neutral1
.	neutral1
this	neutral1
is	neutral1
a	neutral1
big	neutral1
deal	neutral
as	neutral1
i	positive
have	neutral1
been	neutral1
loosing	neutral1
weight	neutral1
over	neutral1
the	neutral1
last	neutral1
couple	neutral1
years	neutral1
&	neutral1
they	neutral
have	positive
been	neutral1
right	neutral1
there	neutral1
in	neutral1
my	neutral1
corner	positive
helping	neutral1
me	positive
find	neutral1
right	neutral1
fit	neutral
as	neutral1
i	neutral
moved	neutral1
through	neutral1
4	neutral1
sizes	neutral
.	neutral1
they	neutral
helped	neutral1
pick	neutral
out	neutral1
some	neutral1
tops	neutral
and	neutral
then	neutral1
brought	neutral1
me	neutral1
a	neutral1
pair	neutral1
of	neutral1
pants	negative
that	neutral1
were	neutral1
on	neutral1
sale	neutral
plus	neutral1
25	neutral1
$	neutral1
off	negative
.	neutral1
the	neutral1
store	neutral
is	neutral1
confusing	neutral1
,	neutral1
it	neutral1
is	neutral1
difficult	neutral1
to	neutral1
find	neutral
items	neutral1
that	negative
are	neutral1
on	neutral1
display	neutral1
(	neutral
cardigans	neutral
displayed	neutral1
on	neutral1
mannequins	neutral1
over	neutral
the	neutral1
jeans	neutral
display	neutral
,	neutral1
but	neutral1
cardigan	neutral
rounder	neutral
is	neutral1
across	neutral1
the	neutral1
store	neutral
with	neutral1
different	neutral
price	neutral
advertised	neutral
on	neutral1
top	neutral1
)	neutral1
sales	neutral1
associates	neutral
moving	neutral1
around	neutral1
the	neutral1
store	neutral
together	neutral1
.	neutral1
a	neutral1
month	neutral
ago	neutral1
,	neutral1
trying	neutral1
to	neutral1
get	neutral
one	neutral1
of	neutral1
your	neutral1
fb	neutral1
advertised	neutral
coupons	neutral
to	neutral1
work	neutral1
,	neutral1
it	neutral1
placed	neutral
my	neutral1
order	neutral1
twice	neutral1
,	neutral1
i	neutral1
contacted	neutral1
you	neutral1
immediately	neutral1
and	neutral1
there	negative
was	neutral1
nothing	neutral1
you	negative
could	neutral1
do	neutral1
,	neutral1
so	neutral1
now	neutral1
i	neutral1
paid	neutral1
shipping	neutral
for	neutral1
an	neutral1
order	neutral
i	neutral1
did	neutral1
not	neutral1
even	neutral1
want	neutral1
and	neutral1
have	neutral1
to	neutral1
pay	neutral1
to	neutral1
send	neutral1
it	neutral1
all	neutral1
back	neutral1
,	neutral1
i	neutral1
can	neutral1
not	neutral1
believe	neutral1
with	neutral1
all	neutral1
the	neutral1
technology	neutral1
and	neutral1
companies	neutral1
that	neutral1
provide	neutral1
amazing	neutral1
services	neutral1
,	neutral1
you	neutral1
guys	positive
have	neutral1
not	neutral1
even	positive
tried	positive
to	neutral1
improve	neutral1
.	positive
great	neutral1
quality	neutral1
and	neutral1
fit	negative
,	neutral1
nice	neutral1
customer	neutral
service	neutral
,	neutral1
good	neutral1
value	neutral
.	neutral1
regardless	neutral1
of	neutral1
her	neutral
rudeness	neutral1
,	negative
the	neutral1
store	neutral
was	neutral1
not	neutral1
open	neutral1
until	neutral1
0.422222222	neutral1
and	neutral1
when	neutral1
the	neutral1
staff	neutral
does	neutral1
not	neutral1
open	neutral1
as	neutral1
the	neutral1
store	neutral1
advertises	neutral
,	neutral1
it	positive
should	positive
not	neutral1
be	neutral1
blamed	positive
on	neutral1
the	neutral1
customer	neutral1
.	positive
very	neutral1
helpful	neutral1
sales	neutral
employee	neutral
,	negative
great	neutral1
selection	neutral
,	neutral1
and	neutral1
good	neutral1
value	neutral
.	neutral1
have	neutral
had	neutral1
problems	neutral
returning	neutral
the	neutral1
last	neutral1
two	neutral1
times	neutral1
and	neutral1
i	neutral1
told	neutral1
manager	negative
at	neutral1
woodbury	neutral
,	negative
mn	neutral1
that	neutral1
its	neutral1
FALSE	neutral1
advertising	neutral
saying	neutral1
easy	neutral1
returns	neutral
,	positive
because	neutral1
she	neutral
sure	neutral1
makes	neutral1
it	neutral1
difficult	neutral
and	neutral1
very	neutral1
snotty	neutral1
.	neutral
she	neutral
helped	neutral1
me	neutral1
with	neutral1
my	neutral1
outfit	neutral1
choice	positive
,	neutral1
found	neutral1
my	neutral1
size	neutral
,	neutral1
and	neutral1
even	neutral1
added	neutral1
on	neutral1
a	neutral
sale	neutral
item	neutral1
.	neutral1
due	neutral1
to	neutral1
i	neutral1
went	neutral1
to	neutral1
the	neutral1
deerbrook	neutral1
store	neutral
in	neutral1
houston	neutral1
i	neutral1
was	neutral1
in	neutral1
a	neutral1
rush	neutral1
it	neutral1
may	neutral1
have	neutral1
been	neutral1
my	neutral1
fault	neutral1
for	neutral1
the	neutral1
rush	neutral1
so	neutral1
i	neutral1
did	neutral1
not	neutral1
have	neutral1
a	neutral1
issue	neutral1
at	neutral1
that	neutral1
location	neutral
until	neutral1
i	neutral1
went	neutral1
to	neutral1
the	neutral1
woodlands	neutral1
location	negative
to	neutral1
do	negative
an	neutral1
exchange	neutral
did	neutral1
not	neutral1
know	neutral1
i	neutral1
could	neutral1
not	neutral1
exchange	neutral
or	negative
return	neutral
anything	neutral1
that	neutral1
ended	neutral1
in	neutral1
98	neutral1
i	neutral1
would	neutral1
have	neutral1
never	neutral1
purchased	neutral
and	neutral1
the	neutral1
item	negative
did	neutral1
not	neutral1
have	neutral1
a	neutral1
tag	neutral1
stating	neutral1
final	neutral1
sale	neutral
and	neutral1
the	neutral1
manager	neutral
was	neutral1
rude	neutral1
about	neutral
it	neutral1
i	neutral1
informed	neutral1
i	neutral1
did	neutral1
not	neutral1
know	neutral1
anything	neutral1
about	neutral1
the	neutral1
price	neutral
ending	neutral1
but	negative
if	neutral1
it	neutral1
had	neutral1
the	neutral1
yellow	neutral1
tag	neutral1
i	neutral1
would	neutral1
have	neutral
never	neutral1
purchased	neutral
now	neutral1
i	neutral1
have	neutral1
an	neutral1
item	neutral1
i	neutral1
can	neutral1
not	neutral1
fit	neutral
and	neutral1
i	neutral1
think	neutral1
it	neutral1
should	neutral
posted	neutral1
or	neutral1
if	neutral1
the	neutral1
signage	neutral1
is	neutral1
not	neutral1
up	neutral1
until	neutral1
the	neutral
sale	neutral
is	neutral1
the	neutral1
next	neutral1
day	neutral1
how	neutral1
would	neutral1
a	neutral1
customer	neutral1
know	neutral1
she	neutral
did	neutral1
even	neutral1
try	neutral
to	neutral
explain	neutral1
now	neutral1
i	neutral1
said	neutral1
before	neutral1
as	neutral1
a	neutral1
customer	neutral1
of	neutral1
lane	neutral
bryant	neutral
forever	neutral1
this	neutral1
will	neutral1
now	neutral1
make	neutral1
my	neutral1
decision	neutral1
i	negative
spend	neutral1
a	neutral1
lot	neutral1
of	neutral1
money	neutral1
to	neutral1
be	neutral1
treated	neutral1
this	neutral1
way	neutral1
she	neutral
could	neutral1
have	neutral1
stated	neutral1
i	negative
will	neutral1
do	neutral1
a	neutral1
courtesy	neutral1
since	neutral1
the	neutral1
tag	neutral1
is	neutral
not	neutral1
there	neutral1
she	neutral
just	neutral1
put	neutral1
item	neutral1
in	neutral1
the	neutral1
bag	neutral1
.	neutral
she	neutral
has	neutral
criticized	neutral
the	neutral
fact	neutral1
that	neutral1
i	neutral
applied	neutral1
for	neutral1
the	neutral1
lane	neutral
bryant	neutral
credit	neutral
card	neutral
online	neutral
instead	neutral1
of	neutral1
in-store	positive
,	neutral1
even	neutral1
though	neutral1
i	neutral
explained	neutral
that	positive
there	neutral1
was	neutral1
a	neutral1
better	neutral1
offer	neutral
for	neutral
opening	neutral1
the	neutral1
credit	neutral
card	neutral
online	neutral
than	neutral1
the	neutral1
$	neutral1
20	neutral1
off	neutral1
credit-card	neutral
offer	neutral
in	neutral1
store	neutral
--	neutral1
#NAME?	neutral1
addition	neutral1
to	neutral1
the	neutral
fact	neutral1
that	neutral1
my	negative
size	neutral
is	negative
generally	negative
not	neutral1
available	neutral1
in	neutral1
the	neutral1
stores	neutral
.	neutral1
FALSE	neutral1
advertising	neutral
and	positive
customer	positive
service	neutral
was	neutral1
horrible	neutral1
.	neutral1
was	neutral1
very	positive
pleased	neutral1
with	neutral1
the	neutral1
customer	neutral
service	neutral
when	neutral1
i	neutral1
went	neutral1
in	neutral1
the	neutral1
lady	positive
was	neutral1
very	neutral1
nice	neutral1
and	neutral1
was	neutral
able	neutral1
to	neutral1
get	neutral1
me	neutral1
the	neutral
size	neutral
i	neutral1
needed	neutral1
in	neutral1
the	neutral1
bra	neutral
's	neutral1
that	neutral1
were	positive
on	neutral1
sale	neutral
&	neutral1
loved	neutral1
the	neutral1
fact	neutral1
that	neutral1
it	neutral1
was	neutral1
free	neutral1
shipping	neutral
to	neutral1
your	neutral1
home	neutral1
so	neutral1
i	neutral1
did	neutral1
not	neutral1
have	neutral1
to	neutral1
make	neutral1
the	neutral1
drive	neutral1
out	neutral1
there	positive
for	neutral1
me	neutral1
that	neutral1
is	neutral1
a	neutral1
pretty	neutral1
good	positive
ways	positive
away	neutral1
they	neutral1
fit	neutral
nicely	neutral1
and	neutral1
could	neutral1
not	neutral1
beat	neutral1
the	neutral1
sale	neutral
price	neutral
.	neutral1
i	neutral
would	neutral1
not	neutral1
send	neutral1
me	neutral1
a	neutral1
temp	neutral1
password	neutral1
and	neutral
had	neutral1
to	neutral1
log	neutral
in	neutral1
by	neutral1
a	neutral1
certain	positive
time	neutral1
before	neutral1
a	positive
sale	neutral
was	neutral1
over	neutral1
.	neutral1
&	neutral1
they	negative
have	neutral1
sizes	neutral
that	neutral1
actually	positive
fit	neutral
,	neutral1
they	neutral1
r	neutral1
a	neutral
little	neutral1
expensive	neutral
but	neutral1
i	neutral1
can	neutral1
deal	neutral
with	neutral1
that	neutral1
to	neutral1
find	neutral1
clothes	neutral
i	neutral
can	neutral1
wear	neutral
.	neutral1
i	neutral1
was	neutral1
a	neutral1
little	neutral1
disappointed	neutral1
as	neutral1
lane	neutral
braynt	neutral
send	neutral
coupons	neutral
for	neutral1
35	neutral1
%	neutral1
off	neutral1
if	neutral1
you	neutral1
use	neutral1
your	neutral1
lb	neutral
card	neutral
and	neutral1
as	neutral1
u	neutral1
go	neutral1
to	negative
make	neutral1
my	neutral1
purchase	neutral1
she	neutral1
says	neutral1
u	negative
can	neutral1
not	neutral1
use	neutral1
that	neutral1
coupon	neutral
cause	neutral1
we	neutral1
r	neutral1
having	neutral1
a	neutral1
sale	neutral
today	positive
?	neutral1
?	positive
.	neutral1
it	neutral1
is	neutral1
the	negative
only	neutral1
place	neutral1
that	neutral1
has	neutral1
bras	neutral
my	neutral1
size	neutral
that	neutral1
are	neutral1
not	neutral1
cheaply	neutral
made	neutral1
and	negative
fall	neutral1
apart	neutral1
quick	neutral1
,	neutral1
some	neutral1
things	neutral1
can	neutral1
be	neutral1
a	neutral1
little	neutral1
pricey	neutral
but	neutral1
the	positive
quality	neutral1
is	neutral1
wonderful	neutral1
and	neutral1
if	neutral1
you	neutral1
catch	neutral1
it	neutral1
on	positive
a	neutral1
sale	neutral
it	neutral1
works	neutral1
out	neutral1
perfect	neutral1
!	neutral1
!	neutral1
.	neutral1
your	neutral1
clothing	positive
is	neutral1
nice	neutral1
and	neutral1
a	neutral1
hanger	neutral1
should	neutral1
be	neutral1
included	neutral1
in	neutral1
the	neutral1
price	neutral
before	neutral1
i	neutral1
would	neutral1
want	neutral1
to	neutral1
take	neutral1
it	neutral1
to	neutral
a	neutral1
dry	neutral1
cleaner	neutral1
'	neutral1
this	neutral1
would	neutral1
and	neutral1
almost	neutral
cancelled	neutral1
a	neutral1
sale	neutral
.	neutral1
i	neutral1
was	neutral1
excited	neutral1
to	neutral
go	neutral1
and	neutral1
purchase	neutral
my	neutral1
active	neutral1
leggings	neutral
because	neutral1
there	neutral1
was	neutral1
a	neutral1
sale	neutral
and	neutral1
the	neutral1
sale	neutral
was	neutral1
supposed	neutral1
to	positive
be	neutral1
for	neutral1
everything	neutral1
in	positive
the	neutral1
store	neutral1
.	neutral1
i	neutral1
like	neutral1
that	neutral1
lb	neutral
has	neutral1
products	neutral1
that	neutral1
fit	neutral
and	neutral1
do	neutral1
not	neutral1
mind	neutral1
paying	neutral1
extra	neutral1
for	neutral1
that	neutral1
,	neutral1
but	neutral1
the	negative
hoops	neutral1
that	neutral1
have	neutral1
to	neutral1
be	neutral1
jumped	neutral1
to	neutral
get	neutral1
a	neutral1
descent	neutral1
deal	neutral
is	neutral1
pretty	neutral1
ridiculous	neutral
.	neutral1
i	neutral1
tell	neutral1
her	neutral
i	neutral1
do	neutral1
not	neutral1
want	neutral1
the	neutral1
gift	neutral1
card	neutral
bc	negative
it	neutral1
will	neutral1
be	neutral1
$	neutral1
50	neutral
cheaper	neutral1
and	neutral1
i	neutral1
do	neutral1
not	neutral1
shop	neutral
there	neutral1
normally	neutral1
just	neutral1
for	neutral
bras	neutral
.	neutral
a	neutral1
lot	neutral1
of	neutral1
the	neutral1
items	neutral
that	neutral1
were	neutral1
on	negative
sale	neutral
and	neutral1
fit	negative
my	neutral1
budget	neutral1
were	neutral1
not	neutral1
available	neutral1
in	neutral1
my	neutral1
size	neutral
so	neutral1
my	neutral
selections	neutral
were	neutral1
not	neutral1
as	neutral1
varied	neutral1
.	positive
the	neutral1
items	neutral1
i	neutral1
purchased	neutral1
fit	neutral
well	neutral1
and	neutral1
are	neutral1
a	neutral1
good	neutral1
value	neutral
,	positive
as	neutral1
i	neutral1
was	neutral1
able	neutral1
to	neutral1
save	neutral1
$	neutral1
30	neutral1
on	neutral1
the	neutral1
jeans	neutral
i	positive
bought	neutral1
which	neutral1
i	neutral1
would	neutral1
not	positive
have	neutral1
bought	positive
them	neutral1
had	neutral1
that	neutral1
promotion	neutral
not	neutral1
been	neutral1
available	neutral1
.	neutral1
catherine	neutral
's	neutral
clothes	neutral
are	neutral1
well	neutral
made	neutral
and	neutral1
hold	neutral1
up	neutral1
unlike	neutral1
the	neutral1
cheaper	neutral
brands	positive
in	positive
the	neutral1
discount	neutral
stores	neutral
.	neutral1
i	neutral1
love	neutral
everything	neutral1
i	neutral1
have	neutral
ordered	neutral
fit	neutral
well	neutral1
but	neutral1
every	negative
time	neutral1
i	neutral1
order	negative
to	neutral1
my	neutral1
store	neutral
i	neutral1
never	neutral1
get	neutral
an	neutral1
email	neutral
saying	neutral1
my	neutral
order	neutral
has	neutral1
come	neutral1
in	neutral1
i	negative
get	neutral1
emails	neutral
says	neutral1
it	neutral1
had	neutral1
shipped	neutral
but	neutral1
never	neutral1
get	neutral1
an	neutral1
email	neutral
about	neutral
arrival	neutral
i	neutral1
always	neutral1
have	neutral1
to	neutral1
call	neutral1
to	neutral1
see	neutral1
if	negative
my	neutral1
items	neutral
have	neutral
showed	neutral1
up	neutral1
it	neutral1
is	neutral1
frustrating	neutral1
to	neutral1
get	neutral1
emails	neutral
about	neutral1
every	neutral1
sale	neutral
but	neutral1
never	neutral1
your	neutral1
order	neutral
has	neutral
arrived	neutral1
and	neutral1
i	neutral1
have	neutral1
spent	neutral1
over	neutral1
$	neutral1
800	neutral1
at	neutral
lane	neutral
bryant	neutral
i	neutral
the	neutral1
past	neutral1
3	neutral1
years	neutral1
.	positive
better	neutral1
deals	positive
online	neutral
and	neutral1
easy	neutral1
pick	neutral
up	neutral1
,	neutral1
plus	neutral1
way	neutral1
cheaper	neutral
than	neutral1
shipping	negative
to	negative
home	neutral1
.	neutral1
the	negative
restroom	neutral1
is	neutral1
only	neutral1
for	neutral1
employees	neutral
so	neutral1
lane	neutral
bryant	neutral
lost	neutral1
a	neutral1
sale	neutral
of	positive
about	neutral1
$	neutral1
100	negative
.	neutral1
great	neutral1
styles	neutral1
,	positive
fabric	positive
easy	neutral1
and	neutral1
comfortable	positive
(	positive
not	neutral1
cheap	positive
)	neutral1
,	neutral1
good	neutral1
fit	neutral
,	neutral1
and	neutral1
lots	neutral
of	neutral1
sales	neutral
and	neutral1
promos	neutral
!	neutral1
.	neutral1
so	neutral1
i	neutral1
ordered	positive
3	neutral1
bras	neutral
at	neutral1
$	neutral1
75	positive
,	neutral1
and	neutral1
this	neutral1
time	neutral1
the	neutral1
bras	neutral
were	neutral1
not	neutral1
out	neutral1
of	neutral1
stock	neutral
even	neutral1
though	neutral1
it	neutral1
was	neutral1
only	positive
a	neutral1
few	neutral1
days	neutral1
later	negative
when	neutral1
they	neutral1
were	neutral1
not	neutral1
out	neutral1
of	neutral1
stock-	neutral
but	neutral1
the	negative
bogo	negative
sale	neutral
was	neutral1
over	neutral1
so	neutral1
i	neutral1
did	neutral1
not	neutral1
get	neutral1
the	neutral1
cheaper	neutral
sale	positive
.	neutral1
i	neutral1
had	positive
a	neutral1
4	negative
year	neutral1
hiatus	neutral1
because	neutral1
i	neutral1
got	neutral
cheaper	neutral
and	neutral1
nicer	neutral1
clothes	neutral
from	neutral
macy	neutral
's	neutral1
due	neutral1
to	neutral1
their	neutral1
sales	negative
.	neutral1
i	neutral1
needed	neutral1
to	neutral1
exchange	neutral
the	neutral1
items	negative
,	neutral1
did	neutral1
not	neutral1
fit	negative
,	neutral1
but	neutral1
they	neutral1
were	neutral1
out	neutral1
of	neutral1
stock	negative
in	neutral1
the	neutral1
right	neutral1
size	neutral
so	neutral
i	neutral1
had	neutral1
to	neutral1
do	neutral1
a	neutral1
return	neutral
and	neutral1
use	neutral1
that	negative
gift	neutral1
card	neutral
to	neutral1
buy	neutral1
different	neutral1
items	negative
,	neutral1
plus	neutral1
spend	neutral
more	neutral1
money	positive
as	neutral1
they	neutral1
were	neutral1
not	neutral1
on	positive
sale	neutral
at	neutral1
the	neutral1
store	neutral
.	neutral1
store	neutral
clean	neutral1
fresh	neutral1
not	neutral1
cluttered	neutral1
staff	neutral
extremely	neutral1
friendly	neutral1
&	neutral1
welcoming	neutral1
was	neutral1
not	neutral1
pressured	neutral1
or	neutral1
rushed	neutral1
helpful	neutral1
assistance	neutral1
(	neutral1
i	neutral1
am	neutral1
disabled	positive
&	neutral1
was	neutral1
aided	neutral1
with	neutral1
items	neutral1
taken	neutral1
to	neutral1
register	neutral1
counter	neutral1
or	positive
returned	neutral
back	neutral1
to	neutral1
hanging	neutral1
area	neutral1
helpful	neutral1
input	neutral1
on	neutral1
styles	neutral1
,	neutral1
fitting	neutral
,	neutral1
accessories	neutral1
i	neutral1
really	neutral1
enjoyed	neutral1
my	neutral1
time	neutral1
shopping	positive
especially	neutral1
since	neutral1
i	neutral1
had	neutral1
not	positive
been	neutral1
in	neutral1
a	neutral1
while	neutral1
also	neutral1
staff	neutral
very	neutral1
helpful	neutral1
with	neutral1
sales	neutral1
promotions	neutral
&	neutral1
account	neutral1
opportunity	neutral1
.	positive
i	neutral1
just	neutral1
hope	neutral1
the	neutral1
long	neutral1
boots	neutral1
i	neutral1
ended	neutral1
up	positive
buying	neutral1
fit	neutral
my	neutral1
fat	neutral1
legs	negative
as	neutral1
they	neutral1
were	neutral1
on	positive
final	neutral1
clearance	neutral
and	neutral1
i	neutral1
can	neutral1
not	neutral1
return	neutral
them	neutral1
.	neutral1
the	neutral1
price/sale	neutral
was	negative
so	neutral1
good	neutral1
its	neutral1
ok	positive
that	neutral1
some	neutral1
of	neutral1
them	neutral1
do	neutral1
not	neutral
fit	neutral
perfectly	neutral1
and	neutral
the	neutral1
online	neutral
ordering	neutral1
was	neutral1
nice	negative
.	neutral1
i	neutral1
ordered	neutral
items	neutral
from	neutral1
clearance	negative
and	neutral1
they	neutral1
do	neutral1
not	neutral
fit	neutral
right	neutral1
and	neutral1
i	neutral1
can	neutral
not	neutral1
return	neutral
them	neutral1
.	neutral1
the	neutral1
t	neutral
's	neutral1
were	neutral
advertised	neutral
as	neutral1
$	neutral
10	neutral1
t	neutral1
's	neutral
just	neutral1
for	neutral1
today	neutral1
on	neutral1
line	neutral
and	neutral1
in	neutral1
store	neutral
when	neutral1
i	neutral1
checked	neutral
out	neutral1
i	neutral1
was	neutral1
charged	neutral1
buy	positive
one	neutral1
get	neutral1
one	neutral1
half	neutral1
off	positive
.	neutral1
quality	neutral1
was	neutral1
great	positive
,	neutral1
website	positive
easy	neutral1
to	positive
navigate	neutral1
and	neutral1
items	neutral
were	positive
exactly	neutral1
as	neutral1
advertised	neutral
.	neutral1
choice	neutral
,	neutral1
value	neutral
for	neutral1
money	neutral1
,	neutral1
website	neutral
is	neutral1
very	neutral1
easy	neutral1
to	neutral1
use	neutral1
.	neutral1
this	neutral1
most	neutral1
recent	neutral1
pick-	neutral
up	neutral1
issue	neutral1
,	neutral1
combined	negative
with	neutral1
past	neutral1
issues	neutral1
at	neutral1
the	neutral1
physical	neutral1
site	neutral
dealing	neutral1
with	neutral1
rude	neutral1
employees	negative
who	neutral1
do	neutral1
not	neutral1
want	neutral1
to	neutral1
assist	neutral1
their	neutral
customers	neutral1
(	neutral1
dirty	neutral1
store	negative
,	neutral1
being	neutral1
ignored	neutral1
while	neutral1
waiting	neutral1
to	neutral1
check	neutral
out	neutral1
while	neutral1
the	neutral1
cashier	negative
held	neutral1
long	neutral1
conversations	negative
with	neutral1
friends	neutral1
not	neutral1
purchasing	neutral
,	neutral1
no	neutral1
one	neutral1
available	neutral
to	neutral1
open	neutral1
fitting	neutral
rooms	neutral1
,	neutral1
calling	neutral1
to	neutral1
ask	neutral1
a	neutral1
question	neutral1
and	neutral1
being	neutral1
told	neutral1
to	neutral1
call	neutral1
another	neutral1
day	neutral1
because	neutral1
they	neutral1
were	neutral1
busy	neutral1
closing	neutral1
up	neutral1
(	neutral
an	neutral1
hour	negative
earlier	neutral1
than	neutral1
posted	neutral1
closing	neutral1
time	neutral1
)	neutral1
and	neutral1
having	neutral1
ordered	neutral
and	neutral1
paid	neutral
for	neutral1
multiple	neutral1
items	neutral1
only	neutral1
to	neutral1
find	neutral1
that	neutral1
they	neutral1
are	neutral1
not	neutral1
actually	negative
in	neutral1
stock	neutral
,	negative
has	neutral1
greatly	neutral1
deterred	positive
me	neutral1
from	positive
wanting	neutral1
to	positive
purchase	neutral
from	positive
this	neutral1
store	neutral
again	neutral1
.	neutral1
choice	neutral
,	neutral1
value	neutral
for	neutral
money	neutral
,	neutral
website	negative
is	neutral1
very	neutral1
easy	neutral1
to	neutral1
use	neutral1
.	neutral1
the	neutral1
shirt	neutral
i	neutral1
ordered	neutral
online	positive
looked	neutral1
nothing	neutral1
like	neutral1
the	neutral1
pictures	neutral1
advertised	neutral
for	neutral1
it	positive
.	neutral1
great	neutral1
place	positive
to	neutral1
shop	neutral1
,	neutral1
easy	neutral1
ordering	negative
,	neutral1
good	neutral1
value	neutral
,	neutral1
nice	neutral1
clothes	neutral
.	neutral1
you	neutral1
advertise	neutral
international	neutral
shipping	neutral
but	neutral1
do	neutral
not	neutral1
accept	neutral1
non	negative
english	neutral1
names	neutral1
or	neutral1
foreign	neutral1
credit	neutral
cards	neutral
(	neutral1
visa	neutral
)	neutral1
for	neutral1
payment	neutral
.	neutral1
web	neutral
site	neutral
easy	neutral1
to	neutral1
use	neutral1
clothing	neutral
is	neutral1
as	neutral1
advertised	neutral
and	neutral1
usually	neutral1
good	neutral1
quality	neutral1
.	neutral1
it	neutral1
was	neutral1
a	neutral1
bad	neutral1
product	negative
.	neutral1
Well	neutral1
when	neutral1
i	neutral1
went	neutral1
home	neutral1
i	neutral1
noticed	neutral1
that	neutral1
some	neutral1
of	neutral1
the	neutral1
items	neutral
that	neutral1
i	neutral1
bought	neutral1
were	neutral1
cheaper	neutral1
online	negative
and	neutral1
when	neutral1
i	neutral1
called	neutral1
the	neutral1
store	neutral
i	neutral1
was	neutral1
told	neutral1
there	neutral1
was	neutral1
nothing	neutral1
they	neutral1
could	neutral1
do	neutral1
about	neutral1
it	neutral1
that	neutral1
i	neutral1
would	neutral1
have	neutral1
to	neutral1
either	neutral1
come	neutral1
back	neutral1
and	neutral1
get	neutral1
a	neutral1
price	negative
adjustment	neutral1
or	neutral1
order	neutral
the	neutral1
items	neutral1
online	neutral
which	neutral1
is	neutral1
exactly	neutral1
what	neutral1
i	neutral1
did	neutral1
and	neutral1
then	neutral1
i	neutral1
was	neutral1
charged	neutral1
a	neutral1
delivery	neutral1
fee	negative
for	neutral1
that	neutral1
purchase	negative
but	neutral1
i	neutral1
will	neutral1
call	neutral1
and	neutral1
ask	neutral1
get	neutral1
a	neutral1
refund	negative
for	neutral1
that	neutral1
as	neutral1
well	neutral1
so	neutral1
i	neutral1
guess	neutral1
i	neutral1
really	neutral1
did	neutral1
not	neutral1
have	neutral1
a	neutral1
good	neutral1
shopping	negative
experience	negative
.	neutral1
The	neutral1
process	neutral1
to	neutral1
order	positive
was	neutral1
easy	neutral1
and	neutral1
you	neutral1
are	neutral1
always	neutral1
running	neutral1
a	neutral1
sale	positive
that	neutral1
somebody	neutral1
can	neutral1
get	neutral1
behind	neutral1
.	neutral1
The	neutral1
mobile	neutral1
website	neutral1
is	neutral1
not	neutral1
easy	neutral1
to	neutral1
navigate	neutral1
and	neutral1
the	neutral1
discount	negative
code	negative
did	neutral1
not	neutral1
remove	neutral1
the	neutral1
shipping	negative
charge	neutral1
as	neutral1
advertised	negative
.	neutral1
Good	neutral1
deals	neutral1
,	neutral1
good	neutral1
value	positive
,	neutral1
very	neutral1
easy	neutral1
ordering	positive
process	neutral1
!	neutral1
.	neutral1
Website	positive
nav	neutral1
good	neutral1
value	positive
good	neutral1
ease	neutral1
of	neutral1
checkout	positive
.	neutral1
Excellent	neutral1
value	neutral1
for	neutral1
money	positive
,	neutral1
fast	neutral1
shipping	positive
,	neutral1
great	neutral1
quality	neutral1
.	neutral1
Everything	neutral1
arrived	positive
quickly	neutral1
,	neutral1
fit	positive
well	neutral1
and	neutral1
was	neutral1
just	neutral1
as	neutral1
advertised	positive
!	neutral1
.	neutral1
Simple	neutral1
convenient	neutral1
shipping	positive
to	neutral1
stores	positive
for	neutral1
freeFree	neutral1
returns	positive
to	neutral1
storesMerchandise	neutral1
great	neutral1
quality	neutral1
at	neutral1
good	neutral1
values	positive
.	neutral1
The	neutral1
dress	neutral1
was	neutral1
perfect-it	positive
arrived	positive
at	neutral1
the	neutral1
store	neutral1
exactly	neutral1
on	neutral1
date-coupon	positive
was	neutral1
a	neutral1
great	neutral1
advertisement	positive
to	neutral1
get	neutral1
me	neutral1
in	neutral1
the	neutral1
store-	neutral1
and	neutral1
I	neutral1
purchased	positive
more	neutral1
.	neutral1
Product	positive
as	neutral1
described	neutral1
,	neutral1
good	neutral1
value	positive
and	neutral1
shipped	positive
in	neutral1
a	neutral1
timely	neutral1
manner	neutral1
.	neutral1
this	neutral1
is	neutral1
part	neutral1
2	neutral1
of	neutral1
my	neutral1
respomse	neutral1
i	neutral1
also	neutral1
lost	neutral1
a	neutral1
sale	negative
opportunity	neutral1
my	neutral1
order	negative
was	neutral1
$	neutral1
100	neutral1
more	neutral1
and	neutral1
more	neutral1
than	neutral1
half	neutral1
my	neutral1
order	negative
was	neutral1
out	neutral1
of	neutral1
stock	negative
.	neutral1
Free	neutral1
shipping	positive
to	neutral1
the	neutral1
store	positive
and	neutral1
easy	neutral1
return	positive
process	neutral1
if	neutral1
item	neutral1
does	neutral1
not	neutral1
fit	negative
.	neutral1
I	neutral1
was	neutral1
able	neutral1
to	neutral1
pick	neutral
up	neutral1
my	neutral1
order	neutral
and	neutral1
exchange	neutral
due	neutral1
to	neutral1
wrong	neutral1
size	negative
ordered	negative
as	neutral1
well	neutral1
as	neutral1
take	neutral1
advantage	neutral1
of	neutral1
a	neutral1
sale	positive
going	neutral1
on	neutral1
.	neutral1
Just	neutral1
wish	neutral1
the	neutral1
free	neutral1
shipping	negative
was	neutral1
a	neutral1
bit	neutral1
faster	neutral1
and	neutral1
that	neutral1
pieces	neutral1
could	neutral1
be	neutral1
exchanged	negative
in	neutral1
store	neutral
if	neutral1
the	neutral1
size	neutral
does	neutral1
not	neutral1
fit	neutral1
instead	neutral1
of	neutral1
losing	neutral1
the	neutral1
sale	negative
price	negative
of	neutral1
the	neutral1
item	neutral1
when	neutral1
having	neutral1
to	neutral1
reorder	neutral1
.	neutral1
Helpful	neutral1
staff	neutral1
,	neutral1
good	neutral1
products	positive
,	neutral1
good	neutral1
value	positive
,	neutral1
prompt	neutral1
delivery	positive
,	neutral1
.	neutral1
I	neutral1
like	neutral1
having	neutral1
the	neutral1
option	positive
of	neutral1
free	neutral1
shipping	positive
to	neutral1
the	neutral1
store	neutral
and	neutral1
Catherine	positive
's	neutral1
makes	neutral1
it	neutral1
easy	neutral1
to	neutral1
return	positive
things	neutral1
that	neutral1
may	neutral1
not	neutral1
fit	negative
.	neutral1
I	neutral1
hate	neutral1
it	neutral1
when	neutral1
I	neutral1
have	neutral1
a	neutral1
sale	negative
,	neutral1
purchase	neutral
an	neutral1
item	neutral1
and	neutral1
the	neutral1
next	neutral1
day	neutral1
it	neutral1
goes	neutral1
on	neutral1
sale	negative
better	neutral1
than	neutral1
what	neutral1
I	neutral1
had	neutral1
before	neutral1
or	neutral1
offer	neutral1
free	neutral1
shipping	positive
the	neutral1
next	neutral1
without	neutral1
having	neutral1
to	neutral1
go	neutral1
to	neutral1
the	neutral1
store	positive
to	neutral1
pick	neutral1
up	neutral1
to	neutral1
get	neutral1
free	neutral1
shipping	positive
.	neutral1
You	neutral1
advertise	neutral
international	neutral1
shipping	positive
but	neutral1
do	neutral1
not	neutral1
accept	neutral1
non	neutral1
English	neutral1
names	neutral1
or	neutral1
foreign	neutral1
credit	negative
cards	negative
(	neutral1
Visa	neutral1
)	neutral1
for	neutral1
payment	negative
.	neutral1
I	neutral1
have	neutral1
to	neutral1
say	neutral1
that	neutral1
although	neutral1
most	neutral1
of	neutral1
the	neutral1
stores	neutral
are	neutral1
less	neutral1
expensive	positive
,	neutral1
their	neutral1
clothing	negative
items	neutral1
do	neutral1
not	neutral1
fit	negative
as	neutral1
well	neutral1
(	neutral1
too	neutral1
snug	neutral1
in	neutral1
all	neutral1
the	neutral1
wrong	neutral1
places	neutral1
)	neutral1
and	neutral1
the	neutral1
overall	neutral1
quality	neutral1
is	neutral1
sub-par	neutral1
.	neutral1
Good	neutral1
store	positive
,	neutral1
Great	neutral1
value	positive
for	neutral1
money	positive
.	neutral1
Because	neutral1
I	neutral1
went	neutral1
to	neutral1
the	neutral1
store	neutral
to	neutral1
do	neutral1
an	neutral1
exchange	neutral
on	neutral1
a	neutral1
different	neutral1
purchase	neutral
and	neutral1
found	neutral1
out	neutral1
that	neutral1
the	neutral1
items	neutral1
that	neutral1
I	neutral1
purchased	negative
online	negative
where	neutral1
going	neutral1
on	neutral1
sale	neutral1
in	neutral1
5	neutral1
days	neutral1
and	neutral1
would	neutral1
have	neutral1
been	neutral1
$	neutral1
25-30	neutral1
cheaper	negative
.	neutral1
expensive	negative
.	neutral1
